Parameter,MLE,SELF,LINEX,BCI_Lower,BCI_Upper
alpha,0.221406591,0.218076672,0.214747416,0.121951243,0.347319935
beta,0.01404296,0.015387613,0.015375118,0.008881402,0.022717212
lambda,1.001,1.177470267,1.153980091,1.004780113,1.610367304
Parameter,MLE,SELF (GD Prior),LINEX (GD Prior),BCI_Lower,BCI_Upper
alpha,0.221406591,0.216184351,0.212945807,0.126418572,0.339284611
beta,0.01404296,0.015214886,0.015201447,0.009214385,0.022103748
lambda,1.001,1.171853294,1.148667925,1.011264732,1.584937561
